<?xml version="1.0" encoding="UTF-8"?>
<project-private xmlns="http://www.netbeans.org/ns/project-private/1">
    <editor-bookmarks xmlns="http://www.netbeans.org/ns/editor-bookmarks/2" lastBookmarkId="0"/>
    <open-files xmlns="http://www.netbeans.org/ns/projectui-open-files/2">
        <group>
            <file>file:/C:/Users/Lauro/Documents/NetBeansProjects/ProjetoYouTube/src/projetoyoutube/Gafanhoto.java</file>
            <file>file:/C:/Users/Lauro/Documents/NetBeansProjects/ProjetoYouTube/src/projetoyoutube/Video.java</file>
            <file>file:/C:/Users/Lauro/Documents/NetBeansProjects/ProjetoYouTube/src/projetoyoutube/Pessoa.java</file>
            <file>file:/C:/Users/Lauro/Documents/NetBeansProjects/ProjetoYouTube/src/projetoyoutube/Visualizacao.java</file>
            <file>file:/C:/Users/Lauro/Documents/NetBeansProjects/ProjetoYouTube/src/projetoyoutube/ProjetoYouTube.java</file>
        </group>
    </open-files>
</project-private>
